,,,
,,,
,,,
[Visit](https://code-learn-olive.vercel.app/),,,
,,,
164,,,
,,,
2,,,
,,,
![ChatPDF](https://mxwrbgeplsqtgwrbiyse.supabase.co/storage/v1/object/public/project-images/97db6cf8-9655-4b53-969a-7b25dfc73ab7.jpg),,,
,,,
ChatPDF,,,
,,,
Chat with your PDFs intelligently,,,
,,,
[Visit](https://chatpdf.icu/) 150,,,
,,,
[Visit](https://chatpdf.icu/),,,
,,,
150,,,
,,,
3,,,
,,,
![My Prompt Pal](https://mxwrbgeplsqtgwrbiyse.supabase.co/storage/v1/object/public/project-images/7584b59d-e812-405f-9642-52d614bfe51f.png),,,
,,,
My Prompt Pal,,,
,,,
AI-powered tool designed to help users effortlessly generate precise and effective AI prompts.,,,
,,,
[Visit](https://my-promptpal.lovable.app/) 117,,,
,,,
[Visit](https://my-promptpal.lovable.app/),,,
,,,
117,,,
,,,
4,,,
,,,
![SyncStudy](https://mxwrbgeplsqtgwrbiyse.supabase.co/storage/v1/object/public/project-images/de1170e6-2e8d-4b62-b48e-dc9d5e1efb17.jpg),,,
,,,
SyncStudy,,,
,,,
Never Miss an Assignment Again with Sync Study!,,,
,,,
[Visit](https://preview--syncstudy-hub-18.lovable.app/) 79,,,
,,,
[Visit](https://preview--syncstudy-hub-18.lovable.app/),,,
,,,
79,,,
,,,
5,,,
,,,
![SAGA](https://mxwrbgeplsqtgwrbiyse.supabase.co/storage/v1/object/public/project-images/c61057bb-9175-4b93-8c5d-d8279d8d6b8a.png),,,
,,,
SAGA,,,
,,,
Create kids' stories with video Gen AI,,,
,,,
[Visit](https://sagaplayground.co/) 78,,,
,,,
[Visit](https://sagaplayground.co/),,,
,,,
78,,,
,,,
Show All (150),,,
,,,
### Week of Mar 10,,,
,,,
1,,,
,,,
![Remindly](https://mxwrbgeplsqtgwrbiyse.supabase.co/storage/v1/object/public/project-images/acd650d6-03cf-41f1-bb9e-2a08921eaf04.jpg),,,
,,,
Remindly,,,
,,,
Your Simple Reminder Calendar,,,
,,,
[Visit](https://remindr-monthly-magic.lovable.app/) 145,,,
,,,
[Visit](https://remindr-monthly-magic.lovable.app/),,,
,,,
145,,,
,,,
2,,,
,,,
![Summary of the Internet](https://mxwrbgeplsqtgwrbiyse.supabase.co/storage/v1/object/public/project-images/14d75fbe-1085-4138-83f6-7a59c61bef38.png),,,
,,,
Summary of the Internet,,,
,,,
Your Simple Social Media Coach and Trend-watcher,,,
,,,
[Visit](https://summaryoftheinternet.com/) 137,,,
,,,
[Visit](https://summaryoftheinternet.com/),,,
,,,
137,,,
,,,
3,,,
,,,
![Promptables.dev](https://mxwrbgeplsqtgwrbiyse.supabase.co/storage/v1/object/public/project-images/f8dfe646-54ac-48fd-a1d7-b615087fd623.jpeg),,,
,,,
Promptables.dev,,,
,,,
Craft, test, refine, eval - prompt engineering done right!
,,,
[Visit](https://app.promptables.dev/) 48,,,
,,,
[Visit](https://app.promptables.dev/),,,
,,,
48,,,
,,,
4,,,
,,,
![Ephakari Electrical Solution](https://mxwrbgeplsqtgwrbiyse.supabase.co/storage/v1/object/public/project-images/daeaaea1-b74c-4038-bf00-d510cafd8ff1.png),,,
,,,
Ephakari Electrical Solution,,,
,,,
This is where electrical engineering meets infinity,,,
,,,
[Visit](http://ephakari-power-solution.vercel.app/) 40,,,
,,,
[Visit](http://ephakari-power-solution.vercel.app/),,,
,,,
40,,,
,,,
5,,,
,,,
![Driver](https://mxwrbgeplsqtgwrbiyse.supabase.co/storage/v1/object/public/project-images/51cf519a-76bc-4644-9de9-bc5b4070f168.png),,,
,,,
Driver,,,
,,,
Save files directly to Google Drive without Downloading,,,
,,,
[Visit](https://driver.ddns.net/) 28,,,
,,,
[Visit](https://driver.ddns.net/),,,
,,,
28,,,
,,,
Show All (285),,,
,,,
### Week of Mar 3,,,
,,,
1,,,
,,,
![Slay The Day](https://mxwrbgeplsqtgwrbiyse.supabase.co/storage/v1/object/public/project-images/0ed8e1c8-40b8-4c0b-82c5-c0e55b24d722.png),,,
,,,
Slay The Day,,,
,,,
Your AI-powered vibe check and gratitude journal, serving up powerful insights about you.,,
,,,
[Visit](https://slaytheday.io/) 140,,,
,,,
[Visit](https://slaytheday.io/),,,
,,,
140,,,
,,,
2,,,
,,,
![myPooch](https://mxwrbgeplsqtgwrbiyse.supabase.co/storage/v1/object/public/project-images/c9a7973b-5441-4759-8ca1-1d74bd16cf46.png),,,
,,,
myPooch,,,
,,,
Nutrition, reimagined for your dog.,,
,,,
[Visit](https://mypooch.info/) 85,,,
,,,
[Visit](https://mypooch.info/),,,
,,,
85,,,
,,,
3,,,
,,,
![Rezumedev](https://mxwrbgeplsqtgwrbiyse.supabase.co/storage/v1/object/public/project-images/c135cd30-55bb-4efb-aa8a-2a020092c49b.png),,,
,,,
Rezumedev,,,
,,,
Land your dream job with tailored resumes in minutes,,,
,,,
[Visit](https://www.rezume.dev/) 81,,,
,,,
[Visit](https://www.rezume.dev/),,,
,,,
81,,,
,,,
4,,,
,,,
![Shivalayam Makeup Studio And Academy](https://mxwrbgeplsqtgwrbiyse.supabase.co/storage/v1/object/public/project-images/ab4ed764-f21e-43c8-bd79-0f1561418e64.png),,,
,,,
Shivalayam Makeup Studio And Academy,,,
,,,
if you find any website listed above better than this then vote them otherwise vote us,,,
,,,
[Visit](https://shivalayammakeupstudio.netlify.app/) 74,,,
,,,
[Visit](https://shivalayammakeupstudio.netlify.app/),,,
,,,
74,,,
,,,
5,,,
,,,
![PestleBank](https://mxwrbgeplsqtgwrbiyse.supabase.co/storage/v1/object/public/project-images/02ddf59d-d79b-4945-a92a-471e042213cd.png),,,
,,,
PestleBank,,,
,,,
The largest FREE question bank for medical students!,,,
,,,
[Visit](https://pestlebank.com/) 63,,,
,,,
[Visit](https://pestlebank.com/),,,
,,,
63,,,
,,,
Show All (380),,,
,,,
### Week of Feb 24,,,
,,,
1,,,
,,,
![SHIVALAYAM MAKEUPSTUDIO AND ACADEMY](https://mxwrbgeplsqtgwrbiyse.supabase.co/storage/v1/object/public/project-images/5336ac97-0e48-4392-a5f2-16203cb661d6.png),,,
,,,
SHIVALAYAM MAKEUPSTUDIO AND ACADEMY,,,
,,,
Best Makeup Studio and Academy website VOTE and message on Instagram or WhatsApp to get coupon code,,,
,,,
[Visit](https://shivalayammakeupstudio.netlify.app/) 107,,,
,,,
[Visit](https://shivalayammakeupstudio.netlify.app/),,,
,,,
107,,,
,,,
2,,,
,,,
P,,,
,,,
PrompterFlow,,,
,,,
Transform UI Designs into Production-Ready Code,,,
,,,
[Visit](https://www.prompterflow.com/) 82,,,
,,,
[Visit](https://www.prompterflow.com/),,,
,,,
82,,,
,,,
3,,,
,,,
![BetWisdom](https://mxwrbgeplsqtgwrbiyse.supabase.co/storage/v1/object/public/project-images/4ae674d7-b9ff-4f42-ad2d-5a3e3771d6d9.png),,,
,,,
BetWisdom,,,
,,,
Get accurate AI powered sports predictions instantly,,,
,,,
[Visit](https://bet-wisdom-git-main-kelvinnj103-gmailcoms-projects.vercel.app/) 74,,,
,,,
[Visit](https://bet-wisdom-git-main-kelvinnj103-gmailcoms-projects.vercel.app/),,,
,,,
74,,,
,,,
4,,,
,,,
![Local Rank SEO](https://mxwrbgeplsqtgwrbiyse.supabase.co/storage/v1/object/public/project-images/19e516c0-753e-4176-b8f6-747a02b04382.png),,,
,,,
Local Rank SEO,,,
,,,
Track Your Local Business Search Rankings,,,
,,,
[Visit](https://www.localseorank.app/) 71,,,
,,,
[Visit](https://www.localseorank.app/),,,
,,,
71,,,
,,,
5,,,
,,,
![The School  Hub](https://mxwrbgeplsqtgwrbiyse.supabase.co/storage/v1/object/public/project-images/b27e28a5-1766-4f1f-89e5-473ad97cea6b.png),,,
,,,
The School Hub,,,
,,,
We help students make precise on the courses they qualify for !,,,
,,,
[Visit](https://coursehub-kelvinnj103-gmailcoms-projects.vercel.app/) 46,,,
,,,
[Visit](https://coursehub-kelvinnj103-gmailcoms-projects.vercel.app/),,,
,,,
46,,,
,,,
Show All (280),,,
,,,
### Week of Feb 17,,,
,,,
1,,,
,,,
S,,,
,,,
SnaplogicPlayground,,,
,,,
Discover the Future of Integration. Explore SnapLogic Playground Highlights,,,
,,,
[Visit](https://jsonpath-sleuth.lovable.app/) 187,,,
,,,
[Visit](https://jsonpath-sleuth.lovable.app/),,,
,,,
187,,,
,,,
2,,,
,,,
K,,,
,,,
Kroc Shell,,,
,,,
Transform natural language into powerful shell commands with the intelligence of Gemini 1.5,,,
,,,
[Visit](https://krocodileai.com/) 145,,,
,,,
[Visit](https://krocodileai.com/),,,
,,,
145,,,
,,,
3,,,
,,,
![Booknest.es](https://mxwrbgeplsqtgwrbiyse.supabase.co/storage/v1/object/public/project-images/26c8892e-0006-4ba6-8b94-f78a968ec5d2.jpg),,,
,,,
Booknest.es,,,
,,,
Booknest â€“ Build Your Digital Bookshelf,,,
,,,
[Visit](https://booknest.es/) 138,,,
,,,
[Visit](https://booknest.es/),,,
,,,
138,,,
,,,
4,,,
,,,
![Workflow management system](https://mxwrbgeplsqtgwrbiyse.supabase.co/storage/v1/object/public/project-images/db3f9b81-39bf-41c4-8b3a-1c1bff3e9b37.png),,,
,,,
Workflow management system,,,
,,,
tasks requests and reports mangment system with powrful ui/ux and notifications,,,
,,,
[Visit](https://www.ebdaatech.com/) 124,,,
,,,
[Visit](https://www.ebdaatech.com/),,,
,,,
124,,,
,,,
5,,,
,,,
![CvExpress](https://mxwrbgeplsqtgwrbiyse.supabase.co/storage/v1/object/public/project-images/65fccced-415f-48ea-9b6a-3236ee2305c1.png),,,
,,,
CvExpress,,,
,,,
Create Your Professional CV in Minutes,,,
,,,
[Visit](https://my-cv-canvas.vercel.app/) 108,,,
,,,
[Visit](https://my-cv-canvas.vercel.app/),,,
,,,
108,,,
,,,
Show All (190),,,
,,,
### Week of Feb 10,,,
,,,
1,,,
,,,
![DoctorLens AI](https://mxwrbgeplsqtgwrbiyse.supabase.co/storage/v1/object/public/project-images/d8a7d4dd-8579-4c39-9adb-8b6443ae409e.png),,,
,,,
DoctorLens AI,,,
,,,
Advanced AI-Powered Skin Analysis & Detection,,,
,,,
[Visit](https://doctorlensai.com/) 55,,,
,,,
[Visit](https://doctorlensai.com/),,,
,,,
55,,,
,,,
2,,,
,,,
![The Critical Protocol](https://mxwrbgeplsqtgwrbiyse.supabase.co/storage/v1/object/public/project-images/a77f4926-c93a-4968-8e9a-4d02689c076a.png),,,
,,,
The Critical Protocol,,,
,,,
The Apps No One Asked For (But Everyone Secretly Loves),,,
,,,
[Visit](https://www.thecriticalprotocol.com/) 10,,,
,,,
[Visit](https://www.thecriticalprotocol.com/),,,
,,,
10,,,
,,,
3,,,
,,,
![Dubai Billionaire: Empire Eras](https://mxwrbgeplsqtgwrbiyse.supabase.co/storage/v1/object/public/project-images/e84da183-b5ef-47fd-a66d-8038c173cab2.png),,,
,,,
Dubai Billionaire: Empire Eras,,,
,,,
Strategic card game,,,
,,,
[Visit](https://dubaibillionairegame.com/game) 7,,,
,,,
[Visit](https://dubaibillionairegame.com/game),,,
,,,
7,,,
,,,
4,,,
,,,
![Meme Generator](https://mxwrbgeplsqtgwrbiyse.supabase.co/storage/v1/object/public/project-images/3aa34486-e6a9-49d0-ab39-e44b2c9ba087.jpg),,,
,,,
Meme Generator,,,
,,,
Create and customize lovable memes from templates in just a few clicks.,,,
,,,
[Visit](https://meme-generator-lovable.lovable.app/) 7,,,
,,,
[Visit](https://meme-generator-lovable.lovable.app/),,,
,,,
7,,,
,,,
5,,,
,,,
![Curved Text](https://mxwrbgeplsqtgwrbiyse.supabase.co/storage/v1/object/public/project-images/773b9e1a-09f6-4818-b5c5-cc4a79f7a2fd.png),,,
,,,
Curved Text,,,
,,,
Transform your text into eye-catching curved designs effortlessly,,,
,,,
[Visit](https://curvedtext.co/) 7,,,
,,,
[Visit](https://curvedtext.co/),,,
,,,
7,,,
,,,
"Show All (20)""",,,